CHR	POS	SNP	P	BUILD	logP	LABEL	OLD_POS	OLD_BUILD	genic	nearest_gene	nearest_gene_distance	nearest_upstream_gene	upstream_distance	nearest_downstream_gene	downstream_distance	promoter_upstream_flag	gene_density	top_gene	biotype	priority_score	distance	promoter_flag	distance_score	biotype_weight	promoter_bonus
1	172081086	rs_supp_1_172089746_17	6.101531817102369e-12	hg38	11.214561119710606	Trait4_hg38	None	None	True	DNM3	0	DNM3-IT1	216399	DNM3OS	57311	False	71	DNM3	protein_coding	4.0	0	False	1.0	1.0	0.0
1	172081086	rs_supp_1_172089746_17	6.101531817102369e-12	hg38	11.214561119710606	Trait5_hg38	None	None	True	DNM3	0	DNM3-IT1	216399	DNM3OS	57311	False	71	DNM3	protein_coding	4.0	0	False	1.0	1.0	0.0
1	172081086	rs_supp_1_172089746_17	6.101531817102369e-12	hg38	11.214561119710606	Trait6_hg38	None	None	True	DNM3	0	DNM3-IT1	216399	DNM3OS	57311	False	71	DNM3	protein_coding	4.0	0	False	1.0	1.0	0.0
1	172089746	rs_lead_1_172058886	7e-12	hg38	11.154901959985743	Trait1_hg19	172058886.0	hg19	True	DNM3	0	DNM3-IT1	225059	DNM3OS	48651	False	71	DNM3	protein_coding	4.0	0	False	1.0	1.0	0.0
1	172089746	rs_lead_1_172058886	7e-12	hg38	11.154901959985743	Trait2_hg19	172058886.0	hg19	True	DNM3	0	DNM3-IT1	225059	DNM3OS	48651	False	71	DNM3	protein_coding	4.0	0	False	1.0	1.0	0.0
1	172089746	rs_lead_1_172058886	7e-12	hg38	11.154901959985743	Trait3_hg19	172058886.0	hg19	True	DNM3	0	DNM3-IT1	225059	DNM3OS	48651	False	71	DNM3	protein_coding	4.0	0	False	1.0	1.0	0.0
2	36506185	rs_lead_2_36733328	3e-08	hg38	7.522878745280337	Trait1_hg19	36733328.0	hg19	True	CRIM1	0	CRIM1-DT	150697	FEZ2	25620	False	41	CRIM1	protein_coding	4.0	0	False	1.0	1.0	0.0
2	36506185	rs_lead_2_36733328	3e-08	hg38	7.522878745280337	Trait2_hg19	36733328.0	hg19	True	CRIM1	0	CRIM1-DT	150697	FEZ2	25620	False	41	CRIM1	protein_coding	4.0	0	False	1.0	1.0	0.0
2	36506185	rs_lead_2_36733328	3e-08	hg38	7.522878745280337	Trait3_hg19	36733328.0	hg19	True	CRIM1	0	CRIM1-DT	150697	FEZ2	25620	False	41	CRIM1	protein_coding	4.0	0	False	1.0	1.0	0.0
7	18747194	rs_lead_7_18747194	7e-23	hg38	22.154901959985743	Trait4_hg38	None	None	True	HDAC9	0	MIR1302-6	619885	RN7SKP266	60799	False	32	HDAC9	protein_coding	4.0	0	False	1.0	1.0	0.0
7	18747194	rs_lead_7_18747194	7e-23	hg38	22.154901959985743	Trait5_hg38	None	None	True	HDAC9	0	MIR1302-6	619885	RN7SKP266	60799	False	32	HDAC9	protein_coding	4.0	0	False	1.0	1.0	0.0
7	18747194	rs_lead_7_18747194	7e-23	hg38	22.154901959985743	Trait6_hg38	None	None	True	HDAC9	0	MIR1302-6	619885	RN7SKP266	60799	False	32	HDAC9	protein_coding	4.0	0	False	1.0	1.0	0.0
7	18754959	rs_supp_7_18786817_1	5.42021173107532e-23	hg38	22.265983748177177	Trait1_hg19	18794582.0	hg19	True	HDAC9	0	MIR1302-6	627650	RN7SKP266	53034	False	31	HDAC9	protein_coding	4.0	0	False	1.0	1.0	0.0
7	18754959	rs_supp_7_18786817_1	5.42021173107532e-23	hg38	22.265983748177177	Trait2_hg19	18794582.0	hg19	True	HDAC9	0	MIR1302-6	627650	RN7SKP266	53034	False	31	HDAC9	protein_coding	4.0	0	False	1.0	1.0	0.0
7	18754959	rs_supp_7_18786817_1	5.42021173107532e-23	hg38	22.265983748177177	Trait3_hg19	18794582.0	hg19	True	HDAC9	0	MIR1302-6	627650	RN7SKP266	53034	False	31	HDAC9	protein_coding	4.0	0	False	1.0	1.0	0.0
11	12857576	rs_lead_11_12879123	5e-09	hg38	8.301029995663981	Trait1_hg19	12879123.0	hg19	True	TEAD1	0	PARVA	322220	LINC00958	103965	False	42	TEAD1	protein_coding	4.0	0	False	1.0	1.0	0.0
11	12857576	rs_lead_11_12879123	5e-09	hg38	8.301029995663981	Trait2_hg19	12879123.0	hg19	True	TEAD1	0	PARVA	322220	LINC00958	103965	False	42	TEAD1	protein_coding	4.0	0	False	1.0	1.0	0.0
11	12857576	rs_lead_11_12879123	5e-09	hg38	8.301029995663981	Trait3_hg19	12879123.0	hg19	True	TEAD1	0	PARVA	322220	LINC00958	103965	False	42	TEAD1	protein_coding	4.0	0	False	1.0	1.0	0.0
11	12857576	rs_lead_11_12857576	5e-09	hg38	8.301029995663981	Trait4_hg38	None	None	True	TEAD1	0	PARVA	322220	LINC00958	103965	False	42	TEAD1	protein_coding	4.0	0	False	1.0	1.0	0.0
11	12857576	rs_lead_11_12857576	5e-09	hg38	8.301029995663981	Trait5_hg38	None	None	True	TEAD1	0	PARVA	322220	LINC00958	103965	False	42	TEAD1	protein_coding	4.0	0	False	1.0	1.0	0.0
11	12857576	rs_lead_11_12857576	5e-09	hg38	8.301029995663981	Trait6_hg38	None	None	True	TEAD1	0	PARVA	322220	LINC00958	103965	False	42	TEAD1	protein_coding	4.0	0	False	1.0	1.0	0.0
12	122950970	rs_supp_12_122933684_12	5.430778337659567e-09	hg38	8.265137922984556	Trait4_hg38	None	None	True	ABCB9	0	VPS37B	54843	OGFOD2	23610	False	91	ABCB9	protein_coding	4.0	0	False	1.0	1.0	0.0
12	122950970	rs_supp_12_122933684_12	5.430778337659567e-09	hg38	8.265137922984556	Trait5_hg38	None	None	True	ABCB9	0	VPS37B	54843	OGFOD2	23610	False	91	ABCB9	protein_coding	4.0	0	False	1.0	1.0	0.0
12	122950970	rs_supp_12_122933684_12	5.430778337659567e-09	hg38	8.265137922984556	Trait6_hg38	None	None	True	ABCB9	0	VPS37B	54843	OGFOD2	23610	False	91	ABCB9	protein_coding	4.0	0	False	1.0	1.0	0.0
15	22462082	rs_supp_15_22791431_1	2.471152482687191e-08	hg38	7.607100455590854	Trait1_hg19	22739443.0	hg19	True	GOLGA6L22	0	MPHOSPH10P9	6928	HERC2P7	18357	False	106	GOLGA6L22	protein_coding	4.0	0	False	1.0	1.0	0.0
15	22462082	rs_supp_15_22791431_1	2.471152482687191e-08	hg38	7.607100455590854	Trait2_hg19	22739443.0	hg19	True	GOLGA6L22	0	MPHOSPH10P9	6928	HERC2P7	18357	False	106	GOLGA6L22	protein_coding	4.0	0	False	1.0	1.0	0.0
15	22462082	rs_supp_15_22791431_1	2.471152482687191e-08	hg38	7.607100455590854	Trait3_hg19	22739443.0	hg19	True	GOLGA6L22	0	MPHOSPH10P9	6928	HERC2P7	18357	False	106	GOLGA6L22	protein_coding	4.0	0	False	1.0	1.0	0.0
15	23081635	rs_lead_15_22791431	1e-08	hg38	8.0	Trait1_hg19	22791431.0	hg19	False	ELMO2P1	1459	TUBGCP5	41995	ELMO2P1	1459	True	106	TUBGCP5-ELMO2P1	intergenic	None	41995-1459	None	None	None	None
15	23081635	rs_lead_15_22791431	1e-08	hg38	8.0	Trait2_hg19	22791431.0	hg19	False	ELMO2P1	1459	TUBGCP5	41995	ELMO2P1	1459	True	106	TUBGCP5-ELMO2P1	intergenic	None	41995-1459	None	None	None	None
15	23081635	rs_lead_15_22791431	1e-08	hg38	8.0	Trait3_hg19	22791431.0	hg19	False	ELMO2P1	1459	TUBGCP5	41995	ELMO2P1	1459	True	106	TUBGCP5-ELMO2P1	intergenic	None	41995-1459	None	None	None	None
16	69181056	rs_lead_16_69181056	1e-08	hg38	8.0	Trait4_hg38	None	None	True	UTP4	0	RNU6-22P	5279	SNTB2	6086	False	127	UTP4	protein_coding	4.0	0	False	1.0	1.0	0.0
16	69181056	rs_lead_16_69181056	1e-08	hg38	8.0	Trait5_hg38	None	None	True	UTP4	0	RNU6-22P	5279	SNTB2	6086	False	127	UTP4	protein_coding	4.0	0	False	1.0	1.0	0.0
16	69181056	rs_lead_16_69181056	1e-08	hg38	8.0	Trait6_hg38	None	None	True	UTP4	0	RNU6-22P	5279	SNTB2	6086	False	127	UTP4	protein_coding	4.0	0	False	1.0	1.0	0.0
17	67858486	rs_lead_17_65854602	2e-12	hg38	11.698970004336019	Trait1_hg19	65854602.0	hg19	True	BPTF	0	RPL17P41	73193	RN7SL622P	119212	False	58	BPTF	protein_coding	4.0	0	False	1.0	1.0	0.0
17	67858486	rs_lead_17_65854602	2e-12	hg38	11.698970004336019	Trait2_hg19	65854602.0	hg19	True	BPTF	0	RPL17P41	73193	RN7SL622P	119212	False	58	BPTF	protein_coding	4.0	0	False	1.0	1.0	0.0
17	67858486	rs_lead_17_65854602	2e-12	hg38	11.698970004336019	Trait3_hg19	65854602.0	hg19	True	BPTF	0	RPL17P41	73193	RN7SL622P	119212	False	58	BPTF	protein_coding	4.0	0	False	1.0	1.0	0.0
17	67861042	rs_supp_17_67858486_16	1.1106636080404457e-12	hg38	11.954417457974996	Trait4_hg38	None	None	True	BPTF	0	RPL17P41	75749	RN7SL622P	116656	False	58	BPTF	protein_coding	4.0	0	False	1.0	1.0	0.0
17	67861042	rs_supp_17_67858486_16	1.1106636080404457e-12	hg38	11.954417457974996	Trait5_hg38	None	None	True	BPTF	0	RPL17P41	75749	RN7SL622P	116656	False	58	BPTF	protein_coding	4.0	0	False	1.0	1.0	0.0
17	67861042	rs_supp_17_67858486_16	1.1106636080404457e-12	hg38	11.954417457974996	Trait6_hg38	None	None	True	BPTF	0	RPL17P41	75749	RN7SL622P	116656	False	58	BPTF	protein_coding	4.0	0	False	1.0	1.0	0.0
