CHR	POS	SNP	P	BUILD	logP	LABEL	genic	nearest_gene	nearest_gene_distance	nearest_upstream_gene	upstream_distance	nearest_downstream_gene	downstream_distance	promoter_upstream_flag	gene_density	top_gene	biotype	priority_score	distance	promoter_flag	distance_score	biotype_weight	promoter_bonus
1	107565571	rs000037604	1.8457343724498863e-43	hg19	42.73383079999476	Trait1	False	PRMT6	33696.0	RP11-233E12.1	184782.0	PRMT6	33696.0	False	47	RP11-233E12.1-PRMT6	intergenic	None	184782-33696	None	None	None	None
1	173703909	rs000060496	2.7406438257219067e-27	hg19	26.562147401736876	Trait1	True	KLHL20	0.0	ANKRD45	64908.0	RP11-360D2.2	6904.0	False	79	KLHL20	protein_coding	4.0	0	False	1.0	1.0	0.0
2	6851893	rs000088867	4.4637970058273e-44	hg19	43.35029556345524	Trait1	False	LINC00487	16416.0	hsa-mir-7515	61226.0	LINC00487	16416.0	False	44	hsa-mir-7515-LINC00487	intergenic	None	61226-16416	None	None	None	None
2	22622949	rs000094450	1.3397717636765127e-19	hg19	18.87296917941005	Trait1	True	AC068490.2	0.0	RNA5SP87	61074.0	AC096570.1	136402.0	False	62	AC068490.2	lincRNA	3.4	0	False	1.0	0.7	0.0
2	165419141	rs000144302	1.0342108957998942e-23	hg19	22.985390891084503	Trait1	True	GRB14	0.0	AC110086.1	139025.0	COBLL1	90993.0	False	36	GRB14	protein_coding	4.0	0	False	1.0	1.0	0.0
2	209512478	rs000159501	3.1424343453465977e-47	hg19	46.502733787230405	Trait1	True	PTH2R	0.0	AC019185.4	107340.0	RNA5SP117	272793.0	False	81	PTH2R	protein_coding	4.0	0	False	1.0	1.0	0.0
4	99241972	rs000273809	2.0429612876976995e-22	hg19	21.68973986278437	Trait1	True	RAP1GDS1	0.0	RP11-323J4.1	59191.0	RP11-810D13.1	88469.0	False	55	RAP1GDS1	protein_coding	4.0	0	False	1.0	1.0	0.0
5	132103163	rs000352075	9.678643707445339e-37	hg19	36.01418549720003	Trait1	True	SEPT8	0.0	CCNI2	13307.0	SOWAHA	45870.0	False	101	SEPT8	protein_coding	4.0	0	False	1.0	1.0	0.0
5	179641205	rs000368373	4.571859551740271e-12	hg19	11.33990711966807	Trait1	False	RASGEF1C	5052.0	RASGEF1C	5052.0	RP11-252I14.1	12173.0	False	117	RASGEF1C-RP11-252I14.1	intergenic	None	5052-12173	None	None	None	None
6	96274140	rs000402292	1.632381126260653e-39	hg19	38.78717843522212	Trait1	False	KRT18P50	164843.0	RP11-374I15.1	193335.0	KRT18P50	164843.0	False	32	RP11-374I15.1-KRT18P50	intergenic	None	193335-164843	None	None	None	None
6	132736639	rs000414747	1.0092692256877279e-44	hg19	43.99599296891238	Trait1	False	MOXD1	13955.0	MOXD1	13955.0	STX7	30367.0	False	74	MOXD1-STX7	intergenic	None	13955-30367	None	None	None	None
7	90027660	rs000459349	1.958848590539571e-50	hg19	49.707999131557294	Trait1	True	CLDN12	0.0	GTPBP10	6891.0	CTB-13L3.1	5088.0	False	48	CLDN12	protein_coding	4.0	0	False	1.0	1.0	0.0
8	1998666	rs000484044	2.08813115623392e-09	hg19	8.68024222662774	Trait1	True	MYOM2	0.0	RP11-1049H7.2	14937.0	AC133633.2	352326.0	False	48	MYOM2	protein_coding	4.0	0	False	1.0	1.0	0.0
9	11407254	rs000538344	2.5611213780281487e-19	hg19	18.591569838728482	Trait1	False	RP11-23D5.1	130940.0	RP11-23D5.1	130940.0	RP11-74C3.1	691406.0	False	25	RP11-23D5.1-RP11-74C3.1	intergenic	None	130940-691406	None	None	None	None
9	79641747	rs000562108	6.1636314638545546e-30	hg19	29.210163336533633	Trait1	False	FOXB2	5878.0	FOXB2	5878.0	ATP5J2P3	13570.0	False	43	FOXB2-ATP5J2P3	intergenic	None	5878-13570	None	None	None	None
10	75920872	rs000609649	7.474603301611191e-33	hg19	32.12641185163135	Trait1	True	ADK	0.0	AP3M1	10051.0	TIMM9P1	183436.0	False	126	ADK	protein_coding	4.0	0	False	1.0	1.0	0.0
12	3492281	rs000678363	2.6142366070215507e-34	hg19	33.5826551082346	Trait1	True	PRMT8	0.0	RP11-476M19.2	11769.0	RP11-476M19.3	79603.0	False	92	PRMT8	protein_coding	4.0	0	False	1.0	1.0	0.0
13	72448456	rs000748636	4.884747923290355e-21	hg19	20.311157843070838	Trait1	False	DACH1	7126.0	DACH1	7126.0	RPS10P21	39386.0	False	35	DACH1-RPS10P21	intergenic	None	7126-39386	None	None	None	None
15	37659917	rs000813946	3.5858446861537625e-10	hg19	9.445408524982184	Trait1	True	RP11-720L8.1	0.0	RP11-597G23.1	112764.0	RP11-25H11.1	122975.0	False	45	RP11-720L8.1	lincRNA	3.4	0	False	1.0	0.7	0.0
15	57880319	rs000820836	6.924285960746982e-28	hg19	27.15962500483333	Trait1	False	GCOM1	3787.0	CTD-2515H24.1	31742.0	GCOM1	3787.0	False	89	CTD-2515H24.1-GCOM1	intergenic	None	31742-3787	None	None	None	None
17	29196737	rs000877777	1.9114525076565065e-44	hg19	43.71863648808123	Trait1	True	ATAD5	0.0	RP13-753N3.1	4779.0	TEFM	27617.0	False	172	ATAD5	protein_coding	4.0	0	False	1.0	1.0	0.0
17	34425638	rs000879654	9.074278554518726e-50	hg19	49.04218789326114	Trait1	False	CCL4	5345.0	CCL3	8123.0	CCL4	5345.0	False	166	CCL3-CCL4	intergenic	None	8123-5345	None	None	None	None
17	57186639	rs000887593	2.9291661994617936e-36	hg19	35.53325598596217	Trait1	True	AC099850.1	0.0	TRIM37	2357.0	SKA2	673.0	False	129	AC099850.1	antisense	3.3	0	False	1.0	0.65	0.0
21	6866596	rs000967847	1.6212445924380682e-17	hg19	16.790151459468063	Trait1	False	None	None	None	None	None	None	False	0	None	None	None	None	None	None	None	None
22	31400066	rs000993026	3.7206763037042e-46	hg19	45.42937811165814	Trait1	False	TUG1	24685.0	TUG1	24685.0	RN7SL633P	55909.0	False	157	TUG1-RN7SL633P	intergenic	None	24685-55909	None	None	None	None
